scientific_name,common_name,order,family,iucn_status,rare_accidental,wpa_schedule,soib_priority,wh_endemic
Acridotheres fuscus,Jungle Myna,Passeriformes,Sturnidae,,no,Schedule-II,Low,no
Acridotheres ginginianus,Bank Myna,Passeriformes,Sturnidae,,no,Schedule-II,High,no
Acrocephalus agricola,Paddyfield Warbler,Passeriformes,Acrocephalidae,,no,Schedule-II,Low,no
Acrocephalus bistrigiceps,Black-browed Reed Warbler,Passeriformes,Acrocephalidae,,no,,,no
Acrocephalus concinens,Blunt-winged Warbler,Passeriformes,Acrocephalidae,,no,Schedule-II,,no
Acrocephalus dumetorum,Blyth's Reed Warbler,Passeriformes,Acrocephalidae,,no,Schedule-II,Low,no
Acrocephalus melanopogon,Moustached Warbler,Passeriformes,Acrocephalidae,,no,Schedule-II,,no
Acrocephalus orientalis,Oriental Reed Warbler,Passeriformes,Acrocephalidae,,no,,,no
Acrocephalus orinus,Large-billed Reed Warbler,Passeriformes,Acrocephalidae,,yes,,,no
Acrocephalus schoenobaenus,Sedge Warbler,Passeriformes,Acrocephalidae,,no,,,no
Actitis hypoleucos,Common Sandpiper,Charadriiformes,Scolopacidae,,no,Schedule-II,Moderate,no
Aegithalos concinnus,Black-throated Tit,Passeriformes,Aegithalidae,,no,Schedule-II,Low,no
Aegithalos leucogenys,White-cheeked Tit,Passeriformes,Aegithalidae,,no,,,no
Aegithalos niveogularis,White-throated Tit,Passeriformes,Aegithalidae,,no,Schedule-II,Moderate,yes
Aegithina tiphia,Common Iora,Passeriformes,Aegithinidae,,no,Schedule-II,Low,no
Aegolius funereus,Boreal Owl,Strigiformes,Strigidae,,yes,,,no
Aegypius monachus,Cinereous Vulture,Accipitriformes,Accipitridae,Near-threatened,no,Schedule-I,Moderate,no
Aerodramus brevirostris,Himalayan Swiftlet,Apodiformes,Apodidae,,no,,,no
Aethopyga gouldiae,Mrs. Gould's Sunbird,Passeriformes,Nectariniidae,,no,Schedule-II,Low,no
Aethopyga siparaja,Crimson Sunbird,Passeriformes,Nectariniidae,,no,Schedule-II,Low,no
Agropsar sturninus,Daurian Starling,Passeriformes,Sturnidae,,no,,,no
Alaemon alaudipes,Greater Hoopoe-Lark,Passeriformes,Alaudidae,,no,,,no
Alaudala heinei,Turkestan Short-toed Lark,Passeriformes,Alaudidae,,no,,,no
Alaudala raytal,Sand Lark,Passeriformes,Alaudidae,,no,Schedule-II,Moderate,no
Alcedo atthis,Common Kingfisher,Coraciiformes,Alcedinidae,,no,Schedule-II,Low,no
Amandava amandava,Red Avadavat,Passeriformes,Estrildidae,,no,Schedule-II,Low,no
Amaurornis phoenicurus,White-breasted Waterhen,Gruiformes,Rallidae,,no,Schedule-II,Low,no
Ammomanes deserti,Desert Lark,Passeriformes,Alaudidae,,no,,,no
Anarhynchus alexandrinus,Kentish Plover,Charadriiformes,Charadriidae,,no,Schedule-II,High,no
Anarhynchus asiaticus,Caspian Plover,Charadriiformes,Charadriidae,,yes,Schedule-II,,no
Anarhynchus atrifrons,Tibetan Sand-Plover,Charadriiformes,Charadriidae,,no,Schedule-II,High,no
Anarhynchus leschenaultii,Greater Sand-Plover,Charadriiformes,Charadriidae,,no,,,no
Anas acuta,Northern Pintail,Anseriformes,Anatidae,,no,Schedule-II,High,no
Anas crecca,Green-winged Teal,Anseriformes,Anatidae,,no,Schedule-II,High,no
Anas platyrhynchos,Mallard,Anseriformes,Anatidae,,no,Schedule-II,Low,no
Anas poecilorhyncha,Indian Spot-billed Duck,Anseriformes,Anatidae,,no,Schedule-II,Low,no
Anas zonorhyncha,Eastern Spot-billed Duck,Anseriformes,Anatidae,,yes,,,no
Anhinga melanogaster,Oriental Darter,Suliformes,Anhingidae,,no,Schedule-II,Low,no
Anser albifrons,Greater White-fronted Goose,Anseriformes,Anatidae,,no,Schedule-II,,no
Anser anser,Graylag Goose,Anseriformes,Anatidae,,no,Schedule-II,Low,no
Anser erythropus,Lesser White-fronted Goose,Anseriformes,Anatidae,Vulnerable,no,Schedule-II,,no
Anser fabalis,Taiga Bean-Goose,Anseriformes,Anatidae,,yes,,,no
Anser serrirostris,Tundra Bean-Goose,Anseriformes,Anatidae,,yes,Schedule-II,,no
Anthus campestris,Tawny Pipit,Passeriformes,Motacillidae,,no,Schedule-II,High,no
Anthus godlewskii,Blyth's Pipit,Passeriformes,Motacillidae,,no,,,no
Anthus hodgsoni,Olive-backed Pipit,Passeriformes,Motacillidae,,no,Schedule-II,High,no
Anthus japonicus,Siberian Pipit,Passeriformes,Motacillidae,,no,Schedule-II,,no
Anthus pratensis,Meadow Pipit,Passeriformes,Motacillidae,,yes,,,no
Anthus richardi,Richard's Pipit,Passeriformes,Motacillidae,,no,Schedule-II,Low,no
Anthus rufulus,Paddyfield Pipit,Passeriformes,Motacillidae,,no,Schedule-II,Low,no
Anthus similis,Long-billed Pipit,Passeriformes,Motacillidae,,no,Schedule-II,Moderate,no
Anthus sylvanus,Upland Pipit,Passeriformes,Motacillidae,,no,Schedule-II,Low,no
Anthus trivialis,Tree Pipit,Passeriformes,Motacillidae,,no,Schedule-II,Moderate,no
Antigone antigone,Sarus Crane,Gruiformes,Gruidae,Vulnerable,no,Schedule-I,High,no
Apus affinis,Little Swift,Apodiformes,Apodidae,,no,Schedule-II,Low,no
Apus leuconyx,Blyth's Swift,Apodiformes,Apodidae,,no,Schedule-II,Moderate,no
Apus nipalensis,House Swift,Apodiformes,Apodidae,,no,,,no
Aquila chrysaetos,Golden Eagle,Accipitriformes,Accipitridae,,no,Schedule-I,Low,no
Aquila fasciata,Bonelli's Eagle,Accipitriformes,Accipitridae,,no,Schedule-I,Low,no
Aquila heliaca,Imperial Eagle,Accipitriformes,Accipitridae,Vulnerable,no,Schedule-I,Moderate,no
Aquila nipalensis,Steppe Eagle,Accipitriformes,Accipitridae,Endangered,no,Schedule-I,Low,no
Aquila rapax,Tawny Eagle,Accipitriformes,Accipitridae,Vulnerable,no,Schedule-I,High,no
Arborophila torqueola,Hill Partridge,Galliformes,Phasianidae,,no,Schedule-II,Low,no
Ardea alba,Great Egret,Pelecaniformes,Ardeidae,,no,Schedule-II,Low,no
Ardea cinerea,Gray Heron,Pelecaniformes,Ardeidae,,no,Schedule-II,Low,no
Ardea coromanda,Eastern Cattle-Egret,Pelecaniformes,Ardeidae,,no,Schedule-II,Low,no
Ardea intermedia,Medium Egret,Pelecaniformes,Ardeidae,,no,Schedule-II,Low,no
Ardea purpurea,Purple Heron,Pelecaniformes,Ardeidae,,no,Schedule-II,Low,no
Ardeola bacchus,Chinese Pond-Heron,Pelecaniformes,Ardeidae,,no,Schedule-II,,no
Ardeola grayii,Indian Pond-Heron,Pelecaniformes,Ardeidae,,no,Schedule-II,Low,no
Arenaria interpres,Ruddy Turnstone,Charadriiformes,Scolopacidae,Near-threatened,no,Schedule-II,Moderate,no
Argya caudata,Common Babbler,Passeriformes,Leiothrichidae,,no,Schedule-II,Moderate,no
Argya earlei,Striated Babbler,Passeriformes,Leiothrichidae,,no,Schedule-II,Low,no
Argya malcolmi,Large Gray Babbler,Passeriformes,Leiothrichidae,,no,,,no
Argya striata,Jungle Babbler,Passeriformes,Leiothrichidae,,no,Schedule-II,Low,no
Arundinax aedon,Thick-billed Warbler,Passeriformes,Acrocephalidae,,no,,,no
Asio flammeus,Short-eared Owl,Strigiformes,Strigidae,,no,Schedule-I,Low,no
Asio otus,Long-eared Owl,Strigiformes,Strigidae,,no,Schedule-I,,no
Astur gentilis,Eurasian Goshawk,Accipitriformes,Accipitridae,,no,Schedule-I,,no
Athene brama,Spotted Owlet,Strigiformes,Strigidae,,no,Schedule-II,,no
Athene noctua,Little Owl,Strigiformes,Strigidae,,no,,,no
Aythya ferina,Common Pochard,Anseriformes,Anatidae,Vulnerable,no,Schedule-I,High,no
Aythya fuligula,Tufted Duck,Anseriformes,Anatidae,,no,Schedule-II,High,no
Aythya marila,Greater Scaup,Anseriformes,Anatidae,,no,Schedule-II,,no
Aythya nyroca,Ferruginous Duck,Anseriformes,Anatidae,Near-threatened,no,Schedule-II,Moderate,no
Bombycilla garrulus,Bohemian Waxwing,Passeriformes,Bombycillidae,,no,Schedule-II,,no
Botaurus cinnamomeus,Cinnamon Bittern,Pelecaniformes,Ardeidae,,no,Schedule-I,Low,no
Botaurus flavicollis,Black Bittern,Pelecaniformes,Ardeidae,,no,Schedule-II,Low,no
Botaurus minutus,Little Bittern,Pelecaniformes,Ardeidae,,no,Schedule-II,,no
Botaurus sinensis,Yellow Bittern,Pelecaniformes,Ardeidae,,no,Schedule-II,Low,no
Botaurus stellaris,Eurasian Bittern,Pelecaniformes,Ardeidae,,no,Schedule-II,,no
Bubo bengalensis,Rock Eagle-Owl,Strigiformes,Strigidae,,no,Schedule-I,,no
Bucanetes githagineus,Trumpeter Finch,Passeriformes,Fringillidae,,no,,,no
Bucephala clangula,Common Goldeneye,Anseriformes,Anatidae,,no,Schedule-II,,no
Burhinus indicus,Indian Thick-knee,Charadriiformes,Burhinidae,,no,Schedule-II,Low,no
Butastur teesa,White-eyed Buzzard,Accipitriformes,Accipitridae,,no,Schedule-I,Moderate,no
Buteo buteo,Common Buzzard,Accipitriformes,Accipitridae,,no,Schedule-I,Low,no
Buteo lagopus,Rough-legged Hawk,Accipitriformes,Accipitridae,,yes,,,no
Buteo rufinus,Long-legged Buzzard,Accipitriformes,Accipitridae,,no,Schedule-I,Low,no
Butorides atricapilla,Little Heron,Pelecaniformes,Ardeidae,,no,,,no
Cacomantis passerinus,Gray-bellied Cuckoo,Cuculiformes,Cuculidae,,no,Schedule-II,Low,no
Cacomantis sonneratii,Banded Bay Cuckoo,Cuculiformes,Cuculidae,,no,Schedule-II,Moderate,no
Calandrella brachydactyla,Greater Short-toed Lark,Passeriformes,Alaudidae,,no,Schedule-II,Moderate,no
Calandrella dukhunensis,Mongolian Short-toed Lark,Passeriformes,Alaudidae,,no,,,no
Calcarius lapponicus,Lapland Longspur,Passeriformes,Calcariidae,,yes,,,no
Calidris acuminata,Sharp-tailed Sandpiper,Charadriiformes,Scolopacidae,Vulnerable,yes,Schedule-II,,no
Calidris alba,Sanderling,Charadriiformes,Scolopacidae,,no,Schedule-II,High,no
Calidris alpina,Dunlin,Charadriiformes,Scolopacidae,Near-threatened,no,Schedule-II,High,no
Calidris falcinellus,Broad-billed Sandpiper,Charadriiformes,Scolopacidae,Vulnerable,no,Schedule-II,Moderate,no
Calidris ferruginea,Curlew Sandpiper,Charadriiformes,Scolopacidae,Vulnerable,no,Schedule-II,High,no
Calidris minuta,Little Stint,Charadriiformes,Scolopacidae,,no,Schedule-II,High,no
Calidris pugnax,Ruff,Charadriiformes,Scolopacidae,,no,Schedule-II,High,no
Calidris ruficollis,Red-necked Stint,Charadriiformes,Scolopacidae,Near-threatened,no,,,no
Calidris subminuta,Long-toed Stint,Charadriiformes,Scolopacidae,,no,,,no
Calliope calliope,Siberian Rubythroat,Passeriformes,Muscicapidae,,no,Schedule-II,Low,no
Calliope tschebaiewi,Chinese Rubythroat,Passeriformes,Muscicapidae,,no,,,no
Caprimulgus affinis,Savanna Nightjar,Caprimulgiformes,Caprimulgidae,,no,Schedule-II,,no
Caprimulgus asiaticus,Indian Nightjar,Caprimulgiformes,Caprimulgidae,,no,,,no
Caprimulgus europaeus,Eurasian Nightjar,Caprimulgiformes,Caprimulgidae,,no,,,no
Caprimulgus indicus,Jungle Nightjar,Caprimulgiformes,Caprimulgidae,,no,Schedule-II,,no
Caprimulgus jotaka,Gray Nightjar,Caprimulgiformes,Caprimulgidae,,no,Schedule-II,,no
Caprimulgus mahrattensis,Sykes's Nightjar,Caprimulgiformes,Caprimulgidae,,no,Schedule-II,,no
Carduelis caniceps,Gray-crowned Goldfinch,Passeriformes,Fringillidae,,no,Schedule-II,Low,no
Carpodacus puniceus,Red-fronted Rosefinch,Passeriformes,Fringillidae,,no,Schedule-II,,no
Carpodacus rodopeplus,Spot-winged Rosefinch,Passeriformes,Fringillidae,,no,,,no
Carpodacus roseus,Pallas's Rosefinch,Passeriformes,Fringillidae,,yes,,,no
Carpodacus sillemi,Sillem's Rosefinch,Passeriformes,Fringillidae,,yes,,,no
Carpodacus stoliczkae,Pale Rosefinch,Passeriformes,Fringillidae,,yes,,,no
Carpodacus vinaceus,Vinaceous Rosefinch,Passeriformes,Fringillidae,,no,,,no
Catreus wallichii,Cheer Pheasant,Galliformes,Phasianidae,Vulnerable,no,Schedule-I,High,yes
Cecropis daurica,Eastern Red-rumped Swallow,Passeriformes,Hirundinidae,,no,Schedule-II,Low,no
Cecropis rufula,European Red-rumped Swallow,Passeriformes,Hirundinidae,,no,,,no
Centropus sinensis,Greater Coucal,Cuculiformes,Cuculidae,,no,Schedule-II,Low,no
Cephalopyrus flammiceps,Fire-capped Tit,Passeriformes,Paridae,,no,Schedule-II,,no
Cercotrichas galactotes,Rufous-tailed Scrub-Robin,Passeriformes,Muscicapidae,,no,Schedule-II,,no
Ceryle rudis,Pied Kingfisher,Coraciiformes,Alcedinidae,,no,Schedule-II,Moderate,no
Cettia brunnifrons,Gray-sided Bush Warbler,Passeriformes,Cettiidae,,no,Schedule-II,Low,no
Cettia castaneocoronata,Chestnut-headed Tesia,Passeriformes,Cettiidae,,no,,,no
Cettia cetti,Cetti's Warbler,Passeriformes,Cettiidae,,no,,,no
Chalcophaps indica,Asian Emerald Dove,Columbiformes,Columbidae,,no,Schedule-II,Low,no
Charadrius hiaticula,Common Ringed Plover,Charadriiformes,Charadriidae,,no,,,no
Chlamydotis macqueenii,Asian Houbara,Otidiformes,Otididae,Vulnerable,no,Schedule-I,High,no
Chlidonias leucopterus,White-winged Tern,Charadriiformes,Laridae,,no,Schedule-II,,no
Chlidonias niger,Black Tern,Charadriiformes,Laridae,,yes,,,no
Chloris chloris,European Greenfinch,Passeriformes,Fringillidae,,yes,Recent addition,,no
Chroicocephalus genei,Slender-billed Gull,Charadriiformes,Laridae,,no,Schedule-II,High,no
Chroicocephalus ridibundus,Black-headed Gull,Charadriiformes,Laridae,,no,Schedule-II,High,no
Chrysomma sinense,Yellow-eyed Babbler,Passeriformes,Paradoxornithidae,,no,Schedule-II,Low,no
Ciconia episcopus,Asian Woolly-necked Stork,Ciconiiformes,Ciconiidae,Near-threatened,yes,Schedule-II,Moderate,no
Ciconia nigra,Black Stork,Ciconiiformes,Ciconiidae,,no,Schedule-II,Moderate,no
Cinclus cinclus,White-throated Dipper,Passeriformes,Cinclidae,,no,Schedule-II,Low,no
Cinclus pallasii,Brown Dipper,Passeriformes,Cinclidae,,no,Schedule-II,High,no
Cinnyris asiaticus,Purple Sunbird,Passeriformes,Nectariniidae,,no,Schedule-II,Low,no
Circaetus gallicus,Short-toed Snake-Eagle,Accipitriformes,Accipitridae,,no,Schedule-I,High,no
Circus aeruginosus,Western Marsh Harrier,Accipitriformes,Accipitridae,,no,Schedule-I,High,no
Circus cyaneus,Hen Harrier,Accipitriformes,Accipitridae,,no,Schedule-I,Moderate,no
Circus macrourus,Pallid Harrier,Accipitriformes,Accipitridae,Near-threatened,no,Schedule-I,High,no
Circus melanoleucos,Pied Harrier,Accipitriformes,Accipitridae,,no,,,no
Circus pygargus,Montagu's Harrier,Accipitriformes,Accipitridae,,no,,,no
Cisticola exilis,Golden-headed Cisticola,Passeriformes,Cisticolidae,,no,,,no
Cisticola juncidis,Zitting Cisticola,Passeriformes,Cisticolidae,,no,Schedule-II,Low,no
Clamator jacobinus,Pied Cuckoo,Cuculiformes,Cuculidae,,no,Schedule-II,Low,no
Clanga clanga,Greater Spotted Eagle,Accipitriformes,Accipitridae,Vulnerable,no,Schedule-I,Low,no
Clanga hastata,Indian Spotted Eagle,Accipitriformes,Accipitridae,Near-threatened,no,Schedule-I,Moderate,no
Clangula hyemalis,Long-tailed Duck,Anseriformes,Anatidae,Vulnerable,yes,Schedule-II,,no
Coccothraustes coccothraustes,Hawfinch,Passeriformes,Fringillidae,,no,Schedule-II,,no
Columba eversmanni,Yellow-eyed Pigeon,Columbiformes,Columbidae,Vulnerable,no,,,no
Columba hodgsonii,Speckled Wood-Pigeon,Columbiformes,Columbidae,,no,Schedule-II,Moderate,no
Columba leuconota,Snow Pigeon,Columbiformes,Columbidae,,no,Schedule-II,Moderate,no
Columba palumbus,Common Wood-Pigeon,Columbiformes,Columbidae,,no,Schedule-II,Moderate,no
Copsychus fulicatus,Indian Robin,Passeriformes,Muscicapidae,,no,Schedule-II,Low,no
Copsychus saularis,Oriental Magpie-Robin,Passeriformes,Muscicapidae,,no,Schedule-II,Low,no
Coracias benghalensis,Indian Roller,Coraciiformes,Coraciidae,Near-threatened,no,Schedule-II,Moderate,no
Coracias garrulus,European Roller,Coraciiformes,Coraciidae,,no,Schedule-II,Moderate,no
Coracina javensis,Oriental Cuckooshrike,Passeriformes,Campephagidae,,no,Schedule-II,,no
Corvus cornix,Hooded Crow,Passeriformes,Corvidae,,yes,Schedule-II,,no
Corvus frugilegus,Rook,Passeriformes,Corvidae,,no,Schedule-II,,no
Coturnix coromandelica,Rain Quail,Galliformes,Phasianidae,,no,,,no
Coturnix coturnix,Common Quail,Galliformes,Phasianidae,,no,Schedule-II,,no
Crex crex,Corn Crake,Gruiformes,Rallidae,,yes,,,no
Cuculus micropterus,Indian Cuckoo,Cuculiformes,Cuculidae,,no,Schedule-II,Low,no
Curruca communis,Greater Whitethroat,Passeriformes,Sylviidae,,no,Schedule-II,,no
Curruca crassirostris,Eastern Orphean Warbler,Passeriformes,Sylviidae,,no,,,no
Curruca mystacea,Menetries's Warbler,Passeriformes,Sylviidae,,yes,,,no
Curruca nana,Asian Desert Warbler,Passeriformes,Sylviidae,,no,Schedule-II,,no
Curruca nisoria,Barred Warbler,Passeriformes,Sylviidae,,no,,,no
Cursorius coromandelicus,Indian Courser,Charadriiformes,Glareolidae,Near-threatened,no,,,no
Cursorius cursor,Cream-colored Courser,Charadriiformes,Glareolidae,,no,,,no
Cyanistes cyanus,Azure Tit,Passeriformes,Paridae,,no,,,no
Cyanoderma pyrrhops,Black-chinned Babbler,Passeriformes,Timaliidae,,no,Schedule-II,Low,no
Cygnus columbianus,Tundra Swan,Anseriformes,Anatidae,,yes,Schedule-II,,no
Cygnus cygnus,Whooper Swan,Anseriformes,Anatidae,,no,Schedule-II,,no
Cygnus olor,Mute Swan,Anseriformes,Anatidae,,no,,,no
Cyornis glaucicomans,Chinese Blue Flycatcher,Passeriformes,Muscicapidae,,no,,,no
Cyornis rubeculoides,Blue-throated Flycatcher,Passeriformes,Muscicapidae,,no,Schedule-II,Low,no
Cyornis tickelliae,Tickell's Blue Flycatcher,Passeriformes,Muscicapidae,,no,Schedule-II,Low,no
Delichon dasypus,Asian House-Martin,Passeriformes,Hirundinidae,,no,Schedule-II,Moderate,no
Delichon urbicum,Western House-Martin,Passeriformes,Hirundinidae,,no,Schedule-II,,no
Dendrocitta formosae,Gray Treepie,Passeriformes,Corvidae,,no,Schedule-II,Low,no
Dendrocitta frontalis,Collared Treepie,Passeriformes,Corvidae,,no,,,no
Dendrocitta vagabunda,Rufous Treepie,Passeriformes,Corvidae,,no,Schedule-II,Low,no
Dendrocopos hyperythrus,Rufous-bellied Woodpecker,Piciformes,Picidae,,no,Schedule-II,Low,no
Dendrocopos macei,Fulvous-breasted Woodpecker,Piciformes,Picidae,,no,Schedule-II,Low,no
Dendrocygna javanica,Lesser Whistling-Duck,Anseriformes,Anatidae,,no,Schedule-II,Low,no
Dendronanthus indicus,Forest Wagtail,Passeriformes,Motacillidae,,no,Schedule-I,High,no
Dicaeum erythrorhynchos,Pale-billed Flowerpecker,Passeriformes,Dicaeidae,,no,Schedule-II,Low,no
Dicaeum ignipectus,Fire-breasted Flowerpecker,Passeriformes,Dicaeidae,,no,Schedule-II,Low,no
Dicrurus aeneus,Bronzed Drongo,Passeriformes,Dicruridae,,no,,,no
Dicrurus annectens,Crow-billed Drongo,Passeriformes,Dicruridae,,no,,,no
Dicrurus hottentottus,Hair-crested Drongo,Passeriformes,Dicruridae,,no,Schedule-II,Moderate,no
Dicrurus macrocercus,Black Drongo,Passeriformes,Dicruridae,,no,Schedule-II,Low,no
Dinopium benghalense,Black-rumped Flameback,Piciformes,Picidae,,no,Schedule-II,Low,no
Dromas ardeola,Crab-Plover,Charadriiformes,Dromadidae,,no,,,no
Dryobates cathpharius,Crimson-naped Woodpecker,Piciformes,Picidae,,no,,,no
Egretta garzetta,Little Egret,Pelecaniformes,Ardeidae,,no,Schedule-II,Low,no
Egretta gularis,Western Reef-Heron,Pelecaniformes,Ardeidae,,no,Schedule-II,High,no
Elanus caeruleus,Black-winged Kite,Accipitriformes,Accipitridae,,no,Schedule-II,Moderate,no
Emberiza aureola,Yellow-breasted Bunting,Passeriformes,Emberizidae,Critically endangered,no,Schedule-I,High,no
Emberiza bruniceps,Red-headed Bunting,Passeriformes,Emberizidae,,no,Schedule-II,Low,no
Emberiza buchanani,Gray-necked Bunting,Passeriformes,Emberizidae,,no,Schedule-II,Moderate,no
Emberiza cioides,Meadow Bunting,Passeriformes,Emberizidae,,yes,,,no
Emberiza citrinella,Yellowhammer,Passeriformes,Emberizidae,,no,Schedule-II,,no
Emberiza godlewskii,Godlewski's Bunting,Passeriformes,Emberizidae,,no,,,no
Emberiza hortulana,Ortolan Bunting,Passeriformes,Emberizidae,,no,Schedule-II,,no
Emberiza lathami,Crested Bunting,Passeriformes,Emberizidae,,no,Schedule-II,Moderate,no
Emberiza leucocephalos,Pine Bunting,Passeriformes,Emberizidae,,no,Schedule-II,,no
Emberiza melanocephala,Black-headed Bunting,Passeriformes,Emberizidae,,no,Schedule-II,Low,no
Emberiza pusilla,Little Bunting,Passeriformes,Emberizidae,,no,Schedule-II,Low,no
Emberiza rustica,Rustic Bunting,Passeriformes,Emberizidae,Near-threatened,yes,Schedule-II,,no
Emberiza rutila,Chestnut Bunting,Passeriformes,Emberizidae,,no,,,no
Emberiza schoeniclus,Reed Bunting,Passeriformes,Emberizidae,,no,Schedule-II,,no
Emberiza spodocephala,Black-faced Bunting,Passeriformes,Emberizidae,,no,,,no
Emberiza striolata,Striolated Bunting,Passeriformes,Emberizidae,,no,Schedule-II,Low,no
Enicurus scouleri,Little Forktail,Passeriformes,Muscicapidae,,no,Schedule-II,Moderate,no
Eophona migratoria,Yellow-billed Grosbeak,Passeriformes,Fringillidae,,yes,,,no
Ephippiorhynchus asiaticus,Black-necked Stork,Ciconiiformes,Ciconiidae,,no,Schedule-II,Moderate,no
Eremophila alpestris,Horned Lark,Passeriformes,Alaudidae,,no,Schedule-II,Low,no
Eremopterix griseus,Ashy-crowned Sparrow-Lark,Passeriformes,Alaudidae,,no,Schedule-II,Moderate,no
Eremopterix nigriceps,Black-crowned Sparrow-Lark,Passeriformes,Alaudidae,,no,,,no
Erythrogenys erythrogenys,Rusty-cheeked Scimitar-Babbler,Passeriformes,Timaliidae,,no,Schedule-II,Low,no
Esacus recurvirostris,Great Thick-knee,Charadriiformes,Burhinidae,Near-threatened,no,Schedule-II,High,no
Eudynamys scolopaceus,Asian Koel,Cuculiformes,Cuculidae,,no,Schedule-II,Low,no
Eumyias thalassinus,Verditer Flycatcher,Passeriformes,Muscicapidae,,no,Schedule-II,Low,no
Euodice malabarica,Indian Silverbill,Passeriformes,Estrildidae,,no,Schedule-II,Low,no
Eurystomus orientalis,Dollarbird,Coraciiformes,Coraciidae,,no,,,no
Falco amurensis,Amur Falcon,Falconiformes,Falconidae,,no,Schedule-I,Moderate,no
Falco cherrug,Saker Falcon,Falconiformes,Falconidae,Endangered,no,Schedule-I,High,no
Falco chicquera,Red-necked Falcon,Falconiformes,Falconidae,,no,Schedule-I,Moderate,no
Falco columbarius,Merlin,Falconiformes,Falconidae,,no,Schedule-II,,no
Falco jugger,Laggar Falcon,Falconiformes,Falconidae,Near-threatened,no,,,no
Falco naumanni,Lesser Kestrel,Falconiformes,Falconidae,,no,Schedule-II,,no
Falco peregrinus,Peregrine Falcon,Falconiformes,Falconidae,,no,Schedule-I,Low,no
Falco severus,Oriental Hobby,Falconiformes,Falconidae,,no,Schedule-II,Moderate,no
Falco tinnunculus,Eurasian Kestrel,Falconiformes,Falconidae,,no,Schedule-II,High,no
Falco vespertinus,Red-footed Falcon,Falconiformes,Falconidae,Vulnerable,yes,,,no
Ficedula albicilla,Taiga Flycatcher,Passeriformes,Muscicapidae,,yes,Schedule-II,,no
Ficedula erithacus,Slaty-backed Flycatcher,Passeriformes,Muscicapidae,,no,,,no
Ficedula hyperythra,Snowy-browed Flycatcher,Passeriformes,Muscicapidae,,no,,,no
Ficedula parva,Red-breasted Flycatcher,Passeriformes,Muscicapidae,,no,Schedule-II,Low,no
Ficedula strophiata,Rufous-gorgeted Flycatcher,Passeriformes,Muscicapidae,,no,Schedule-II,High,no
Ficedula westermanni,Little Pied Flycatcher,Passeriformes,Muscicapidae,,no,,,no
Fringilla coelebs,Common Chaffinch,Passeriformes,Fringillidae,,no,Schedule-II,,no
Fringilla montifringilla,Brambling,Passeriformes,Fringillidae,,no,Schedule-II,,no
Fulica atra,Eurasian Coot,Gruiformes,Rallidae,,no,Schedule-II,Low,no
Fulvetta vinipectus,White-browed Fulvetta,Passeriformes,Paradoxornithidae,,no,,,no
Gallicrex cinerea,Watercock,Gruiformes,Rallidae,,no,,,no
Gallinago gallinago,Common Snipe,Charadriiformes,Scolopacidae,,no,Schedule-II,Low,no
Gallinago solitaria,Solitary Snipe,Charadriiformes,Scolopacidae,,no,Schedule-II,,no
Gallinago stenura,Pin-tailed Snipe,Charadriiformes,Scolopacidae,,no,Schedule-II,High,no
Garrulax leucolophus,White-crested Laughingthrush,Passeriformes,Leiothrichidae,,no,Schedule-II,Low,no
Garrulus lanceolatus,Black-headed Jay,Passeriformes,Corvidae,,no,Schedule-II,Moderate,no
Gelochelidon nilotica,Gull-billed Tern,Charadriiformes,Laridae,,no,Schedule-I,High,no
Geokichla citrina,Orange-headed Thrush,Passeriformes,Turdidae,,no,Schedule-II,Moderate,no
Geokichla wardii,Pied Thrush,Passeriformes,Turdidae,,no,,,no
Glareola lactea,Small Pratincole,Charadriiformes,Glareolidae,,no,Schedule-II,Moderate,no
Glareola maldivarum,Oriental Pratincole,Charadriiformes,Glareolidae,,no,Schedule-II,Low,no
Glareola pratincola,Collared Pratincole,Charadriiformes,Glareolidae,,no,Schedule-II,,no
Glaucidium cuculoides,Asian Barred Owlet,Strigiformes,Strigidae,,no,Schedule-II,Low,no
Glaucidium radiatum,Jungle Owlet,Strigiformes,Strigidae,,no,,,no
Gracupica contra,Indian Pied Starling,Passeriformes,Sturnidae,,no,Schedule-II,Low,no
Grammatoptila striata,Striated Laughingthrush,Passeriformes,Leiothrichidae,,no,,,no
Grandala coelicolor,Grandala,Passeriformes,Turdidae,,no,Schedule-II,Moderate,no
Grus grus,Common Crane,Gruiformes,Gruidae,,no,Schedule-I,High,no
Grus virgo,Demoiselle Crane,Gruiformes,Gruidae,,no,,,no
Gymnoris xanthocollis,Yellow-throated Sparrow,Passeriformes,Passeridae,,no,Schedule-II,Low,no
Gypaetus barbatus,Bearded Vulture,Accipitriformes,Accipitridae,Near-threatened,no,Schedule-I,High,no
Gyps fulvus,Eurasian Griffon,Accipitriformes,Accipitridae,,no,Schedule-I,High,no
Gyps himalayensis,Himalayan Griffon,Accipitriformes,Accipitridae,Near-threatened,no,Schedule-I,Moderate,no
Gyps tenuirostris,Slender-billed Vulture,Accipitriformes,Accipitridae,Critically endangered,no,,,no
Haematopus ostralegus,Eurasian Oystercatcher,Charadriiformes,Haematopodidae,Near-threatened,no,Schedule-II,High,no
Halcyon smyrnensis,White-throated Kingfisher,Coraciiformes,Alcedinidae,,no,Schedule-II,Low,no
Haliaeetus albicilla,White-tailed Eagle,Accipitriformes,Accipitridae,,no,Schedule-I,,no
Haliaeetus leucoryphus,Pallas's Fish-Eagle,Accipitriformes,Accipitridae,Endangered,no,Schedule-I,High,no
Haliastur indus,Brahminy Kite,Accipitriformes,Accipitridae,,no,Schedule-I,Low,no
Hemiprocne coronata,Crested Treeswift,Apodiformes,Hemiprocnidae,,no,,,no
Heterophasia capistrata,Rufous Sibia,Passeriformes,Leiothrichidae,,no,Schedule-II,Low,no
Hieraaetus pennatus,Booted Eagle,Accipitriformes,Accipitridae,,no,Schedule-I,Low,no
Hierococcyx sparverioides,Large Hawk-Cuckoo,Cuculiformes,Cuculidae,,no,,,no
Hierococcyx varius,Common Hawk-Cuckoo,Cuculiformes,Cuculidae,,no,Schedule-II,Low,no
Himantopus himantopus,Black-winged Stilt,Charadriiformes,Recurvirostridae,,no,Schedule-II,Low,no
Hippolais icterina,Icterine Warbler,Passeriformes,Acrocephalidae,,yes,,,no
Hirundapus caudacutus,White-throated Needletail,Apodiformes,Apodidae,,no,Schedule-II,,no
Hirundo rustica,Barn Swallow,Passeriformes,Hirundinidae,,no,Schedule-II,Moderate,no
Hirundo smithii,Wire-tailed Swallow,Passeriformes,Hirundinidae,,no,Schedule-II,Low,no
Horornis brunnescens,Hume's Bush Warbler,Passeriformes,Cettiidae,,no,,,no
Hydrocoloeus minutus,Little Gull,Charadriiformes,Laridae,,yes,,,no
Hydrophasianus chirurgus,Pheasant-tailed Jacana,Charadriiformes,Jacanidae,,no,Schedule-II,Moderate,no
Hypothymis azurea,Black-naped Monarch,Passeriformes,Monarchidae,,no,Schedule-II,Low,no
Ianthocincla rufogularis,Rufous-chinned Laughingthrush,Passeriformes,Leiothrichidae,,no,Schedule-II,Moderate,no
Ichthyaetus ichthyaetus,Pallas's Gull,Charadriiformes,Laridae,,no,Schedule-II,Moderate,no
Icthyophaga humilis,Lesser Fish-Eagle,Accipitriformes,Accipitridae,Near-threatened,no,Schedule-I,Low,no
Icthyophaga ichthyaetus,Gray-headed Fish-Eagle,Accipitriformes,Accipitridae,Near-threatened,no,,,no
Ictinaetus malaiensis,Black Eagle,Accipitriformes,Accipitridae,,no,Schedule-I,Low,no
Iduna caligata,Booted Warbler,Passeriformes,Acrocephalidae,,no,Schedule-II,Low,no
Iduna rama,Sykes's Warbler,Passeriformes,Acrocephalidae,,no,Schedule-II,,no
Indicator xanthonotus,Yellow-rumped Honeyguide,Piciformes,Indicatoridae,,no,,,no
Ketupa coromanda,Dusky Eagle-Owl,Strigiformes,Strigidae,,no,,,no
Ketupa flavipes,Tawny Fish-Owl,Strigiformes,Strigidae,,no,,,no
Ketupa nipalensis,Spot-bellied Eagle-Owl,Strigiformes,Strigidae,,no,,,no
Ketupa zeylonensis,Brown Fish-Owl,Strigiformes,Strigidae,,no,Schedule-I,Moderate,no
Lalage melanoptera,Black-headed Cuckooshrike,Passeriformes,Campephagidae,,no,Schedule-II,Low,no
Lalage melaschistos,Black-winged Cuckooshrike,Passeriformes,Campephagidae,,no,Schedule-II,Low,no
Lanius collurio,Red-backed Shrike,Passeriformes,Laniidae,,no,,,no
Lanius cristatus,Brown Shrike,Passeriformes,Laniidae,,no,Schedule-II,Low,no
Lanius excubitor,Great Gray Shrike,Passeriformes,Laniidae,,no,Schedule-II,High,no
Lanius isabellinus,Isabelline Shrike,Passeriformes,Laniidae,,no,Schedule-II,High,no
Lanius minor,Lesser Gray Shrike,Passeriformes,Laniidae,,yes,Schedule-II,,no
Lanius nubicus,Masked Shrike,Passeriformes,Laniidae,,yes,,,no
Lanius phoenicuroides,Red-tailed Shrike,Passeriformes,Laniidae,,no,,,no
Lanius schach,Long-tailed Shrike,Passeriformes,Laniidae,,no,Schedule-II,Low,no
Lanius tephronotus,Gray-backed Shrike,Passeriformes,Laniidae,,no,Schedule-II,Low,no
Lanius vittatus,Bay-backed Shrike,Passeriformes,Laniidae,,no,Schedule-II,Low,no
Larus cachinnans,Caspian Gull,Charadriiformes,Laridae,,no,Schedule-II,,no
Larus canus,Common Gull,Charadriiformes,Laridae,,yes,Schedule-II,,no
Larus fuscus,Lesser Black-backed Gull,Charadriiformes,Laridae,,no,Schedule-II,Moderate,no
Laticilla burnesii,Rufous-vented Grass Babbler,Passeriformes,Pellorneidae,Near-threatened,no,Schedule-I,Moderate,no
Leiopicus mahrattensis,Yellow-crowned Woodpecker,Piciformes,Picidae,,no,Schedule-I,High,no
Leiothrix lutea,Red-billed Leiothrix,Passeriformes,Leiothrichidae,,no,Schedule-II,Low,no
Lerwa lerwa,Snow Partridge,Galliformes,Phasianidae,,no,Schedule-II,,no
Leucogeranus leucogeranus,Siberian Crane,Gruiformes,Gruidae,Critically endangered,no,,,no
Limosa lapponica,Bar-tailed Godwit,Charadriiformes,Scolopacidae,Near-threatened,no,,,no
Limosa limosa,Black-tailed Godwit,Charadriiformes,Scolopacidae,Near-threatened,no,Schedule-II,High,no
Linaria cannabina,Eurasian Linnet,Passeriformes,Fringillidae,,no,,,no
Locustella lanceolata,Lanceolated Warbler,Passeriformes,Locustellidae,,no,,,no
Locustella naevia,Common Grasshopper Warbler,Passeriformes,Locustellidae,,no,Schedule-II,,no
Lonchura malacca,Tricolored Munia,Passeriformes,Estrildidae,,yes,Schedule-II,Low,no
Lonchura punctulata,Scaly-breasted Munia,Passeriformes,Estrildidae,,no,Schedule-II,Low,no
Lonchura striata,White-rumped Munia,Passeriformes,Estrildidae,,no,,,no
Lophophanes dichrous,Gray-crested Tit,Passeriformes,Paridae,,no,,,no
Lophophorus impejanus,Himalayan Monal,Galliformes,Phasianidae,,no,Schedule-I,Low,no
Lophura leucomelanos,Kalij Pheasant,Galliformes,Phasianidae,,no,Schedule-I,Low,no
Loxia curvirostra,Red Crossbill,Passeriformes,Fringillidae,,no,Schedule-II,,no
Lymnocryptes minimus,Jack Snipe,Charadriiformes,Scolopacidae,,no,Schedule-II,,no
Machlolophus xanthogenys,Himalayan Black-lored Tit,Passeriformes,Paridae,,no,Schedule-II,Low,no
Macropygia unchall,Barred Cuckoo-Dove,Columbiformes,Columbidae,,no,,,no
Mareca falcata,Falcated Duck,Anseriformes,Anatidae,,no,Schedule-II,Moderate,no
Mareca penelope,Eurasian Wigeon,Anseriformes,Anatidae,,no,Schedule-II,Moderate,no
Mareca strepera,Gadwall,Anseriformes,Anatidae,,no,Schedule-II,Moderate,no
Marmaronetta angustirostris,Marbled Duck,Anseriformes,Anatidae,Near-threatened,no,Schedule-I,High,no
Megaceryle lugubris,Crested Kingfisher,Coraciiformes,Alcedinidae,,no,Schedule-II,Moderate,no
Megalurus palustris,Striated Grassbird,Passeriformes,Locustellidae,,no,Schedule-II,Low,no
Melanocorypha bimaculata,Bimaculated Lark,Passeriformes,Alaudidae,,no,Schedule-II,,no
Melanocorypha calandra,Calandra Lark,Passeriformes,Alaudidae,,yes,,,no
Mergellus albellus,Smew,Anseriformes,Anatidae,,no,Schedule-II,,no
Merops apiaster,European Bee-eater,Coraciiformes,Meropidae,,no,Schedule-II,,no
Merops leschenaulti,Chestnut-headed Bee-eater,Coraciiformes,Meropidae,,no,Schedule-II,Low,no
Merops orientalis,Asian Green Bee-eater,Coraciiformes,Meropidae,,no,Schedule-II,Low,no
Merops persicus,Blue-cheeked Bee-eater,Coraciiformes,Meropidae,,no,,,no
Merops philippinus,Blue-tailed Bee-eater,Coraciiformes,Meropidae,,no,Schedule-II,Low,no
Metopidius indicus,Bronze-winged Jacana,Charadriiformes,Jacanidae,,no,,,no
Microcarbo niger,Little Cormorant,Suliformes,Phalacrocoracidae,,no,Schedule-II,Low,no
Milvus milvus,Red Kite,Accipitriformes,Accipitridae,,no,,,no
Mirafra javanica,Singing Bushlark,Passeriformes,Alaudidae,,no,Schedule-II,Moderate,no
Monticola rufiventris,Chestnut-bellied Rock-Thrush,Passeriformes,Muscicapidae,,no,Schedule-II,Moderate,no
Monticola saxatilis,Rufous-tailed Rock-Thrush,Passeriformes,Muscicapidae,,no,Schedule-II,,no
Motacilla flava,Western Yellow Wagtail,Passeriformes,Motacillidae,,no,Schedule-II,Moderate,no
Motacilla maderaspatensis,White-browed Wagtail,Passeriformes,Motacillidae,,no,Schedule-II,Low,no
Motacilla tschutschensis,Eastern Yellow Wagtail,Passeriformes,Motacillidae,,yes,,,no
Muscicapa dauurica,Asian Brown Flycatcher,Passeriformes,Muscicapidae,,no,Schedule-II,Low,no
Muscicapa ferruginea,Ferruginous Flycatcher,Passeriformes,Muscicapidae,,no,,,no
Muscicapa striata,Spotted Flycatcher,Passeriformes,Muscicapidae,,no,Schedule-II,,no
Mycerobas affinis,Collared Grosbeak,Passeriformes,Fringillidae,,no,Schedule-II,Moderate,no
Mycerobas carnipes,White-winged Grosbeak,Passeriformes,Fringillidae,,no,Schedule-II,,no
Mycteria leucocephala,Painted Stork,Ciconiiformes,Ciconiidae,,no,Schedule-II,Low,no
Neophron percnopterus,Egyptian Vulture,Accipitriformes,Accipitridae,Endangered,no,Schedule-I,High,no
Netta rufina,Red-crested Pochard,Anseriformes,Anatidae,,no,Schedule-II,Low,no
Nettapus coromandelianus,Cotton Pygmy-Goose,Anseriformes,Anatidae,,no,Schedule-I,Moderate,no
Niltava sundara,Rufous-bellied Niltava,Passeriformes,Muscicapidae,,no,Schedule-II,Low,no
Nisaetus cirrhatus,Changeable Hawk-Eagle,Accipitriformes,Accipitridae,,no,,,no
Nisaetus nipalensis,Mountain Hawk-Eagle,Accipitriformes,Accipitridae,,no,Schedule-I,Low,no
Nucifraga hemispila,Southern Nutcracker,Passeriformes,Corvidae,,no,,,no
Numenius arquata,Eurasian Curlew,Charadriiformes,Scolopacidae,Near-threatened,no,Schedule-II,High,no
Numenius phaeopus,Eurasian Whimbrel,Charadriiformes,Scolopacidae,,no,Schedule-II,Moderate,no
Nycticorax nycticorax,Black-crowned Night Heron,Pelecaniformes,Ardeidae,,no,Schedule-II,Low,no
Ocyceros birostris,Indian Gray Hornbill,Bucerotiformes,Bucerotidae,,no,Schedule-II,Low,no
Oenanthe albonigra,Hume's Wheatear,Passeriformes,Muscicapidae,,no,,,no
Oenanthe chrysopygia,Persian Wheatear,Passeriformes,Muscicapidae,,no,Schedule-II,,no
Oenanthe fusca,Brown Rock Chat,Passeriformes,Muscicapidae,,no,Schedule-II,Low,no
Oenanthe isabellina,Isabelline Wheatear,Passeriformes,Muscicapidae,,no,Schedule-II,High,no
Oenanthe oenanthe,Northern Wheatear,Passeriformes,Muscicapidae,,no,Schedule-II,,no
Oenanthe picata,Variable Wheatear,Passeriformes,Muscicapidae,,no,Schedule-II,High,no
Oenanthe pleschanka,Pied Wheatear,Passeriformes,Muscicapidae,,no,Schedule-II,,no
Onychostruthus taczanowskii,White-rumped Snowfinch,Passeriformes,Passeridae,,no,,,no
Oriolus oriolus,Eurasian Golden Oriole,Passeriformes,Oriolidae,,no,,,no
Oriolus xanthornus,Black-hooded Oriole,Passeriformes,Oriolidae,,no,,,no
Orthotomus sutorius,Common Tailorbird,Passeriformes,Cisticolidae,,no,Schedule-II,Low,no
Ortygornis pondicerianus,Gray Francolin,Galliformes,Phasianidae,,no,Schedule-II,Low,no
Otus bakkamoena,Indian Scops-Owl,Strigiformes,Strigidae,,no,Schedule-II,,no
Otus brucei,Pallid Scops-Owl,Strigiformes,Strigidae,,no,,,no
Otus lettia,Collared Scops-Owl,Strigiformes,Strigidae,,no,Schedule-II,,no
Otus scops,Eurasian Scops-Owl,Strigiformes,Strigidae,,no,Schedule-II,,no
Otus spilocephalus,Mountain Scops-Owl,Strigiformes,Strigidae,,no,Schedule-II,,no
Oxyura leucocephala,White-headed Duck,Anseriformes,Anatidae,Endangered,no,Schedule-I,,no
Pachyglossa agilis,Thick-billed Flowerpecker,Passeriformes,Dicaeidae,,no,Schedule-II,High,no
Pandion haliaetus,Osprey,Accipitriformes,Pandionidae,,no,Schedule-I,High,no
Passer hispaniolensis,Spanish Sparrow,Passeriformes,Passeridae,,no,Schedule-II,,no
Passer montanus,Eurasian Tree Sparrow,Passeriformes,Passeridae,,no,,,no
Passer pyrrhonotus,Sind Sparrow,Passeriformes,Passeridae,,no,Schedule-II,Low,no
Pastor roseus,Rosy Starling,Passeriformes,Sturnidae,,no,Schedule-II,Moderate,no
Pavo cristatus,Indian Peafowl,Galliformes,Phasianidae,,no,Schedule-I,Low,no
Pelecanus crispus,Dalmatian Pelican,Pelecaniformes,Pelecanidae,Near-threatened,no,,,no
Pellorneum ruficeps,Puff-throated Babbler,Passeriformes,Pellorneidae,,no,Schedule-II,Low,no
Perdicula asiatica,Jungle Bush-Quail,Galliformes,Phasianidae,,no,Schedule-II,Low,no
Perdix hodgsoniae,Tibetan Partridge,Galliformes,Phasianidae,,no,,,no
Pericrocotus cinnamomeus,Small Minivet,Passeriformes,Campephagidae,,no,Schedule-I,Low,no
Pericrocotus flammeus,Orange Minivet,Passeriformes,Campephagidae,,no,,,no
Pericrocotus roseus,Rosy Minivet,Passeriformes,Campephagidae,,no,Schedule-II,Low,no
Pericrocotus speciosus,Scarlet Minivet,Passeriformes,Campephagidae,,no,,,no
Periparus rubidiventris,Rufous-vented Tit,Passeriformes,Paridae,,no,Schedule-II,High,no
Pernis ptilorhynchus,Oriental Honey-buzzard,Accipitriformes,Accipitridae,,no,Schedule-II,Low,no
Petronia petronia,Rock Sparrow,Passeriformes,Passeridae,,no,,,no
Phalacrocorax carbo,Great Cormorant,Suliformes,Phalacrocoracidae,,no,Schedule-II,Low,no
Phalacrocorax fuscicollis,Indian Cormorant,Suliformes,Phalacrocoracidae,,no,,,no
Phalaropus lobatus,Red-necked Phalarope,Charadriiformes,Scolopacidae,,no,Schedule-II,,no
Phoenicopterus roseus,Greater Flamingo,Phoenicopteriformes,Phoenicopteridae,,no,,,no
Phoenicurus auroreus,Daurian Redstart,Passeriformes,Muscicapidae,,no,,,no
Phoenicurus coeruleocephala,Blue-capped Redstart,Passeriformes,Muscicapidae,,no,Schedule-II,Moderate,no
Phoenicurus erythronotus,Rufous-backed Redstart,Passeriformes,Muscicapidae,,no,Schedule-II,,no
Phoenicurus frontalis,Blue-fronted Redstart,Passeriformes,Muscicapidae,,no,Schedule-II,Moderate,no
Phoenicurus hodgsoni,Hodgson's Redstart,Passeriformes,Muscicapidae,,no,,,no
Phoenicurus phoenicurus,Common Redstart,Passeriformes,Muscicapidae,,yes,Schedule-II,,no
Phylloscopus borealis,Arctic Warbler,Passeriformes,Phylloscopidae,,yes,,,no
Phylloscopus burkii,Green-crowned Warbler,Passeriformes,Phylloscopidae,,no,,,no
Phylloscopus collybita,Common Chiffchaff,Passeriformes,Phylloscopidae,,no,Schedule-II,Low,no
Phylloscopus fuscatus,Dusky Warbler,Passeriformes,Phylloscopidae,,yes,,,no
Phylloscopus inornatus,Yellow-browed Warbler,Passeriformes,Phylloscopidae,,no,,,no
Phylloscopus maculipennis,Ashy-throated Warbler,Passeriformes,Phylloscopidae,,no,Schedule-II,Moderate,no
Phylloscopus neglectus,Plain Leaf Warbler,Passeriformes,Phylloscopidae,,no,,,no
Phylloscopus nitidus,Green Warbler,Passeriformes,Phylloscopidae,,no,Schedule-II,,no
Phylloscopus proregulus,Pallas's Leaf Warbler,Passeriformes,Phylloscopidae,,yes,,,no
Phylloscopus sibilatrix,Wood Warbler,Passeriformes,Phylloscopidae,,yes,,,no
Phylloscopus subviridis,Brooks's Leaf Warbler,Passeriformes,Phylloscopidae,,no,,,no
Phylloscopus trochilus,Willow Warbler,Passeriformes,Phylloscopidae,,yes,,,no
Phylloscopus whistleri,Whistler's Warbler,Passeriformes,Phylloscopidae,,no,Schedule-II,Low,no
Picumnus innominatus,Speckled Piculet,Piciformes,Picidae,,no,Schedule-II,Low,no
Picus canus,Gray-headed Woodpecker,Piciformes,Picidae,,no,Schedule-II,Low,no
Picus xanthopygaeus,Streak-throated Woodpecker,Piciformes,Picidae,,no,Schedule-II,Low,no
Pitta brachyura,Indian Pitta,Passeriformes,Pittidae,,no,Schedule-II,Low,no
Platalea leucorodia,Eurasian Spoonbill,Pelecaniformes,Threskiornithidae,,no,Schedule-I,High,no
Plegadis falcinellus,Glossy Ibis,Pelecaniformes,Threskiornithidae,,no,Schedule-II,Low,no
Plocealauda assamica,Bengal Bushlark,Passeriformes,Alaudidae,,no,Schedule-II,Low,no
Plocealauda erythroptera,Indian Bushlark,Passeriformes,Alaudidae,,yes,Schedule-II,Moderate,no
Ploceus benghalensis,Black-breasted Weaver,Passeriformes,Ploceidae,,no,Schedule-II,Low,no
Ploceus manyar,Streaked Weaver,Passeriformes,Ploceidae,,no,Schedule-II,Moderate,no
Ploceus philippinus,Baya Weaver,Passeriformes,Ploceidae,,no,Schedule-II,Low,no
Pluvialis fulva,Pacific Golden-Plover,Charadriiformes,Charadriidae,,no,Schedule-I,Moderate,no
Pluvialis squatarola,Black-bellied Plover,Charadriiformes,Charadriidae,Vulnerable,no,Schedule-II,High,no
Pnoepyga albiventer,Scaly-breasted Cupwing,Passeriformes,Pnoepygidae,,no,Schedule-II,Low,no
Podiceps auritus,Horned Grebe,Podicipediformes,Podicipedidae,Vulnerable,no,Schedule-II,,no
Podiceps cristatus,Great Crested Grebe,Podicipediformes,Podicipedidae,,no,Schedule-II,High,no
Podiceps grisegena,Red-necked Grebe,Podicipediformes,Podicipedidae,,no,,,no
Podiceps nigricollis,Eared Grebe,Podicipediformes,Podicipedidae,,no,Schedule-II,,no
Pomatorhinus horsfieldii,Indian Scimitar-Babbler,Passeriformes,Timaliidae,,no,,,no
Pomatorhinus schisticeps,White-browed Scimitar-Babbler,Passeriformes,Timaliidae,,no,Schedule-II,Low,no
Porphyrio poliocephalus,Gray-headed Swamphen,Gruiformes,Rallidae,,no,Schedule-II,Low,no
Porzana porzana,Spotted Crake,Gruiformes,Rallidae,,no,Schedule-II,,no
Prinia buchanani,Rufous-fronted Prinia,Passeriformes,Cisticolidae,,no,,,no
Prinia cinereocapilla,Gray-crowned Prinia,Passeriformes,Cisticolidae,Vulnerable,no,,,no
Prinia flaviventris,Yellow-bellied Prinia,Passeriformes,Cisticolidae,,no,Schedule-II,Low,no
Prinia hodgsonii,Gray-breasted Prinia,Passeriformes,Cisticolidae,,no,Schedule-II,Low,no
Prinia inornata,Plain Prinia,Passeriformes,Cisticolidae,,no,Schedule-II,Low,no
Prinia lepida,Delicate Prinia,Passeriformes,Cisticolidae,,no,Schedule-II,Low,no
Prinia socialis,Ashy Prinia,Passeriformes,Cisticolidae,,no,Schedule-II,Low,no
Prinia sylvatica,Jungle Prinia,Passeriformes,Cisticolidae,,no,Schedule-II,Low,no
Procarduelis nipalensis,Dark-breasted Rosefinch,Passeriformes,Fringillidae,,no,Schedule-II,Low,no
Prunella atrogularis,Black-throated Accentor,Passeriformes,Prunellidae,,no,Schedule-II,,no
Prunella collaris,Alpine Accentor,Passeriformes,Prunellidae,,no,Schedule-II,Low,no
Prunella himalayana,Altai Accentor,Passeriformes,Prunellidae,,no,Schedule-II,Moderate,no
Prunella immaculata,Maroon-backed Accentor,Passeriformes,Prunellidae,,no,,,no
Psarisomus dalhousiae,Long-tailed Broadbill,Passeriformes,Eurylaimidae,,no,,,no
Pseudibis papillosa,Red-naped Ibis,Pelecaniformes,Threskiornithidae,,no,Schedule-II,Low,no
Psilopogon haemacephalus,Coppersmith Barbet,Piciformes,Megalaimidae,,no,Schedule-II,Low,no
Psilopogon lineatus,Lineated Barbet,Piciformes,Megalaimidae,,no,Schedule-II,Low,no
Psilopogon zeylanicus,Brown-headed Barbet,Piciformes,Megalaimidae,,no,Schedule-II,Low,no
Psittacula alexandri,Red-breasted Parakeet,Psittaciformes,Psittaculidae,Near-threatened,no,,,no
Psittacula cyanocephala,Plum-headed Parakeet,Psittaciformes,Psittaculidae,,no,Schedule-II,Low,no
Psittacula eupatria,Alexandrine Parakeet,Psittaciformes,Psittaculidae,,no,Schedule-II,Low,no
Psittacula roseata,Blossom-headed Parakeet,Psittaciformes,Psittaculidae,Near-threatened,no,,,no
Pterocles alchata,Pin-tailed Sandgrouse,Pterocliformes,Pteroclidae,,no,,,no
Pterocles exustus,Chestnut-bellied Sandgrouse,Pterocliformes,Pteroclidae,,no,Schedule-II,Low,no
Pterocles indicus,Painted Sandgrouse,Pterocliformes,Pteroclidae,,no,,,no
Pterocles orientalis,Black-bellied Sandgrouse,Pterocliformes,Pteroclidae,,no,,,no
Pterorhinus albogularis,White-throated Laughingthrush,Passeriformes,Leiothrichidae,,no,Schedule-II,Low,no
Pteruthius aeralatus,White-browed Shrike-Babbler,Passeriformes,Vireonidae,,no,Schedule-II,Low,no
Pteruthius xanthochlorus,Green Shrike-Babbler,Passeriformes,Vireonidae,,no,Schedule-II,Low,no
Pycnonotus cafer,Red-vented Bulbul,Passeriformes,Pycnonotidae,,no,Schedule-II,Low,no
Pycnonotus leucotis,White-eared Bulbul,Passeriformes,Pycnonotidae,,no,,,no
Pyrgilauda ruficollis,Rufous-necked Snowfinch,Passeriformes,Passeridae,,yes,,,no
Pyrrhoplectes epauletta,Gold-naped Finch,Passeriformes,Fringillidae,,no,,,no
Pyrrhula erythrocephala,Red-headed Bullfinch,Passeriformes,Fringillidae,,no,Schedule-II,Low,no
Recurvirostra avosetta,Pied Avocet,Charadriiformes,Recurvirostridae,,no,Schedule-II,High,no
Remiz coronatus,White-crowned Penduline-Tit,Passeriformes,Remizidae,,no,,,no
Rhipidura albicollis,White-throated Fantail,Passeriformes,Rhipiduridae,,no,Schedule-II,Low,no
Rhipidura aureola,White-browed Fantail,Passeriformes,Rhipiduridae,,no,Schedule-II,Moderate,no
Rhodopechys sanguineus,Crimson-winged Finch,Passeriformes,Fringillidae,,yes,,,no
Rhodospiza obsoleta,Desert Finch,Passeriformes,Fringillidae,,yes,,,no
Riparia chinensis,Gray-throated Martin,Passeriformes,Hirundinidae,,no,Schedule-II,Moderate,no
Riparia diluta,Pale Martin,Passeriformes,Hirundinidae,,no,Schedule-II,,no
Riparia riparia,Bank Swallow,Passeriformes,Hirundinidae,,no,Schedule-II,Low,no
Rissa tridactyla,Black-legged Kittiwake,Charadriiformes,Laridae,Vulnerable,yes,,,no
Rostratula benghalensis,Greater Painted-Snipe,Charadriiformes,Rostratulidae,,no,Schedule-II,Low,no
Sarcogyps calvus,Red-headed Vulture,Accipitriformes,Accipitridae,Critically endangered,yes,,,no
Sarkidiornis melanotos,Knob-billed Duck,Anseriformes,Anatidae,,no,Schedule-II,Low,no
Saroglossa spilopterus,Spot-winged Starling,Passeriformes,Sturnidae,,no,Schedule-II,High,no
Saxicola caprata,Pied Bushchat,Passeriformes,Muscicapidae,,no,Schedule-II,Low,no
Saxicola leucurus,White-tailed Stonechat,Passeriformes,Muscicapidae,,no,Schedule-II,Low,no
Saxicola macrorhynchus,White-browed Bushchat,Passeriformes,Muscicapidae,Vulnerable,yes,,,no
Saxicola rubetra,Whinchat,Passeriformes,Muscicapidae,,yes,,,no
Schoenicola striatus,Bristled Grassbird,Passeriformes,Locustellidae,Vulnerable,no,Schedule-I,High,no
Scolopax rusticola,Eurasian Woodcock,Charadriiformes,Scolopacidae,,no,Schedule-II,,no
Sibirionetta formosa,Baikal Teal,Anseriformes,Anatidae,,yes,Schedule-II,,no
Sitta cinnamoventris,Chestnut-bellied Nuthatch,Passeriformes,Sittidae,,no,Schedule-II,Low,no
Sitta himalayensis,White-tailed Nuthatch,Passeriformes,Sittidae,,no,,,no
Spatula clypeata,Northern Shoveler,Anseriformes,Anatidae,,no,Schedule-II,High,no
Spatula querquedula,Garganey,Anseriformes,Anatidae,,no,Schedule-II,High,no
Spilopelia chinensis,Spotted Dove,Columbiformes,Columbidae,,no,Schedule-II,Low,no
Spilopelia senegalensis,Laughing Dove,Columbiformes,Columbidae,,no,Schedule-II,Low,no
Spilornis cheela,Crested Serpent-Eagle,Accipitriformes,Accipitridae,,no,Schedule-I,Low,no
Spinus spinus,Eurasian Siskin,Passeriformes,Fringillidae,,no,Schedule-II,,no
Stercorarius parasiticus,Parasitic Jaeger,Charadriiformes,Stercorariidae,,no,,,no
Sterna acuticauda,Black-bellied Tern,Charadriiformes,Laridae,Endangered,no,Schedule-I,High,no
Sterna aurantia,River Tern,Charadriiformes,Laridae,Vulnerable,no,Schedule-I,Moderate,no
Sterna paradisaea,Arctic Tern,Charadriiformes,Laridae,,no,,,no
Sternula albifrons,Little Tern,Charadriiformes,Laridae,,no,Schedule-II,High,no
Streptopelia decaocto,Eurasian Collared-Dove,Columbiformes,Columbidae,,no,Schedule-II,Low,no
Streptopelia tranquebarica,Red Collared-Dove,Columbiformes,Columbidae,,no,Schedule-II,Low,no
Streptopelia turtur,European Turtle-Dove,Columbiformes,Columbidae,Vulnerable,no,,,no
Strix aluco,Tawny Owl,Strigiformes,Strigidae,,no,Schedule-II,,no
Strix leptogrammica,Brown Wood-Owl,Strigiformes,Strigidae,,no,Schedule-I,,no
Strix nivicolum,Himalayan Owl,Strigiformes,Strigidae,,no,,,no
Strix ocellata,Mottled Wood-Owl,Strigiformes,Strigidae,,no,Schedule-I,,no
Sturnia malabarica,Chestnut-tailed Starling,Passeriformes,Sturnidae,,no,Schedule-II,Low,no
Sturnia pagodarum,Brahminy Starling,Passeriformes,Sturnidae,,no,Schedule-II,Low,no
Surniculus dicruroides,Fork-tailed Drongo-Cuckoo,Cuculiformes,Cuculidae,,no,,,no
Surniculus lugubris,Square-tailed Drongo-Cuckoo,Cuculiformes,Cuculidae,,no,Schedule-II,Low,no
Sylvia borin,Garden Warbler,Passeriformes,Sylviidae,,no,,,no
Sylviparus modestus,Yellow-browed Tit,Passeriformes,Paridae,,no,Schedule-II,Moderate,no
Taccocua leschenaultii,Sirkeer Malkoha,Cuculiformes,Cuculidae,,no,Schedule-II,High,no
Tachymarptis melba,Alpine Swift,Apodiformes,Apodidae,,no,Schedule-II,Low,no
Tachyspiza badia,Shikra,Accipitriformes,Accipitridae,,no,Schedule-I,Low,no
Tachyspiza virgata,Besra,Accipitriformes,Accipitridae,,no,Schedule-I,Low,no
Tadorna ferruginea,Ruddy Shelduck,Anseriformes,Anatidae,,no,Schedule-II,High,no
Tadorna tadorna,Common Shelduck,Anseriformes,Anatidae,,no,Schedule-II,,no
Taenioptynx brodiei,Collared Owlet,Strigiformes,Strigidae,,no,Schedule-II,Low,no
Tarsiger chrysaeus,Golden Bush-Robin,Passeriformes,Muscicapidae,,no,Schedule-II,Low,no
Tephrodornis pondicerianus,Common Woodshrike,Passeriformes,Vangidae,,no,Schedule-II,Moderate,no
Tetraogallus tibetanus,Tibetan Snowcock,Galliformes,Phasianidae,,no,,,no
Tetrax tetrax,Little Bustard,Otidiformes,Otididae,Near-threatened,no,Schedule-I,,no
Thinornis dubius,Little Ringed Plover,Charadriiformes,Charadriidae,,no,Schedule-II,High,no
Thinornis placidus,Long-billed Plover,Charadriiformes,Charadriidae,,no,,,no
Threskiornis melanocephalus,Black-headed Ibis,Pelecaniformes,Threskiornithidae,,no,Schedule-II,Low,no
Tichodroma muraria,Wallcreeper,Passeriformes,Tichodromidae,,no,Schedule-II,High,no
Treron phoenicopterus,Yellow-footed Green-Pigeon,Columbiformes,Columbidae,,no,Schedule-II,Low,no
Treron sphenurus,Wedge-tailed Green-Pigeon,Columbiformes,Columbidae,,no,Schedule-II,Low,no
Tringa erythropus,Spotted Redshank,Charadriiformes,Scolopacidae,,no,Schedule-II,High,no
Tringa glareola,Wood Sandpiper,Charadriiformes,Scolopacidae,,no,Schedule-II,Moderate,no
Tringa stagnatilis,Marsh Sandpiper,Charadriiformes,Scolopacidae,,no,Schedule-II,High,no
Trochalopteron erythrocephalum,Chestnut-crowned Laughingthrush,Passeriformes,Leiothrichidae,,no,Schedule-II,Low,no
Turdus albocinctus,White-collared Blackbird,Passeriformes,Turdidae,,no,,,no
Turdus eunomus,Dusky Thrush,Passeriformes,Turdidae,,no,Schedule-II,,no
Turdus obscurus,Eyebrowed Thrush,Passeriformes,Turdidae,,no,,,no
Turdus philomelos,Song Thrush,Passeriformes,Turdidae,,no,,,no
Turdus pilaris,Fieldfare,Passeriformes,Turdidae,,no,,,no
Turdus simillimus,Indian Blackbird,Passeriformes,Turdidae,,no,,,no
Turnix suscitator,Barred Buttonquail,Charadriiformes,Turnicidae,,no,Schedule-II,Low,no
Turnix sylvaticus,Small Buttonquail,Charadriiformes,Turnicidae,,no,,,no
Turnix tanki,Yellow-legged Buttonquail,Charadriiformes,Turnicidae,,no,,,no
Tyto javanica,Eastern Barn Owl,Strigiformes,Tytonidae,,no,Schedule-I,,no
Vanellus cinereus,Gray-headed Lapwing,Charadriiformes,Charadriidae,,no,,,no
Vanellus duvaucelii,River Lapwing,Charadriiformes,Charadriidae,Near-threatened,no,Schedule-II,Low,no
Vanellus gregarius,Sociable Lapwing,Charadriiformes,Charadriidae,Critically endangered,no,Schedule-I,High,no
Vanellus indicus,Red-wattled Lapwing,Charadriiformes,Charadriidae,,no,Schedule-II,Low,no
Vanellus leucurus,White-tailed Lapwing,Charadriiformes,Charadriidae,,no,Schedule-II,Moderate,no
Vanellus malabaricus,Yellow-wattled Lapwing,Charadriiformes,Charadriidae,,no,Schedule-II,Low,no
Vanellus vanellus,Northern Lapwing,Charadriiformes,Charadriidae,Near-threatened,no,Schedule-II,Moderate,no
Xenus cinereus,Terek Sandpiper,Charadriiformes,Scolopacidae,,no,Schedule-II,High,no
Yuhina flavicollis,Whiskered Yuhina,Passeriformes,Zosteropidae,,no,Schedule-II,Low,no
Yungipicus canicapillus,Gray-capped Pygmy Woodpecker,Piciformes,Picidae,,no,Schedule-II,Low,no
Yungipicus nanus,Brown-capped Pygmy Woodpecker,Piciformes,Picidae,,no,Schedule-II,Moderate,no
Zapornia akool,Brown Crake,Gruiformes,Rallidae,,no,Schedule-II,Low,no
Zapornia parva,Little Crake,Gruiformes,Rallidae,,no,,,no
Zapornia pusilla,Baillon's Crake,Gruiformes,Rallidae,,no,Schedule-II,Moderate,no
Zoothera dauma,Scaly Thrush,Passeriformes,Turdidae,,no,Schedule-II,Low,no
Zoothera dixoni,Long-tailed Thrush,Passeriformes,Turdidae,,no,Schedule-II,,no
Zoothera mollissima,Alpine Thrush,Passeriformes,Turdidae,,no,Schedule-II,Low,no
Zosterops palpebrosus,Indian White-eye,Passeriformes,Zosteropidae,,no,Schedule-II,Low,no
